CODFILIAL,CODPROD,DESCRICAO,SALDO,NUMPED,DTEMISSAO
1,167,CHAMYTO IOGURTE MOR+CER CHOC 24X130G,0,6539,24/12/2020 00:00
1,168,CHAMYTO BEB LACTEA MOR+CER CRML 24X130G,0,6539,24/12/2020 00:00
1,174,NESTON IOGURTE LIQ MACA BNA 12X850G,0,6539,24/12/2020 00:00
1,176,NINHO IOGURTE LIQ MACA E BANANA 12X850G,0,6539,24/12/2020 00:00
1,180,NINHO IOGURTE POLPA 6X540G,0,6539,24/12/2020 00:00
1,182,CHAMBINHO PETIT MRG 12X480G,0,6539,24/12/2020 00:00
1,183,CHAMBINHO PETIT MOR 16X320G,0,6539,24/12/2020 00:00
1,192,NESTLE BICAM IOGURTE MORANGO 28X150G,0,6539,24/12/2020 00:00
1,194,NESTLE GREGO IOG FRUTAS VERM 12X400G,0,6539,24/12/2020 00:00
1,195,IOGURTE GREGO NESTLE TRADICIONAL 12X400G,0,6539,24/12/2020 00:00
1,198,NESTLE NATURAL CENOURA+LARANJA 28X170G,0,6539,24/12/2020 00:00
1,199,IOGURTE NESTLE NATURAL 28X170G,0,6539,24/12/2020 00:00
1,200,NESTLE IOG NATURAL DESNATADO 28X160G,0,6539,24/12/2020 00:00
1,206,NESTLE GREGO IOG LIGHT 3 SAB 6X540G,0,6539,24/12/2020 00:00
1,212,NINHO SOLEIL PETIT MRG+BNA&MC 16X320G,0,6539,24/12/2020 00:00
1,213,REQUEIJAO CREMOSO NESTLE 15X200G,0,6539,24/12/2020 00:00
1,214,REQUEIJAO CREMOSO NESTLE LIGHT 15X200G,0,6539,24/12/2020 00:00
1,254,NINHO FRUTI MORANGO 8X250G,0,6539,24/12/2020 00:00
1,287,NINHO IOGURTE LIQ MACA E BANANA 24X170G,0,6539,24/12/2020 00:00
1,288,NINHO IOGURTE MORANGO 24X170G,0,6539,24/12/2020 00:00
1,333,NESTON IOGURTE POLPA 2 SABORES 6X540G,0,6539,24/12/2020 00:00
1,448,CHANDELLE CHANTILLY CHOCOLATE 24X200G,0,6539,24/12/2020 00:00
1,450,CHANDELLE CHOCOLATE 24X180G,0,6539,24/12/2020 00:00
1,451,CHAMBINHO CHOCOLATE 16X320G,0,6539,24/12/2020 00:00
1,453,CHANDELLE CHOCOLATE 18X360G,0,6539,24/12/2020 00:00
1,759,CHAMYTO LEITE FERMENTADO 21X6X75G,0,6539,24/12/2020 00:00
1,1505,NESTLE IOG VIT DE FRUTA 24X170G,0,6539,24/12/2020 00:00
1,1506,NESTLE IOG VIT DE FRUTA 12X900G,0,6539,24/12/2020 00:00
1,1509,NESTLE IOGURTE MORANGO 24X170G,0,6539,24/12/2020 00:00
1,1510,NESTLE IOGURTE MORANGO 12X1.250G,0,6539,24/12/2020 00:00
1,1511,NESTLE IOGURTE MORANGO 12X900G,0,6539,24/12/2020 00:00
1,1512,NESTLE IOGURTE VIT DE FRUTA 12X1.250G,0,6539,24/12/2020 00:00
1,1517,NESTON IOGURTE LIQ MACA E BAN 24X170G,0,6539,24/12/2020 00:00
1,1519,NESTLE GREGO IOG TRAD + MRG 6X600G,0,6539,24/12/2020 00:00
1,1520,CHAMYTO GO IOG LIQ VITAMINA 24X100G,0,6539,24/12/2020 00:00
1,1521,CHAMYTO GO IOG LIQ MORANGO 24X100G,0,6539,24/12/2020 00:00
1,1693,NINHO IOGURTE LIQ MACA E BANANA 24X100G,0,6539,24/12/2020 00:00
1,1697,CHANDELLE CHOCOLATE 6X720G,0,6539,24/12/2020 00:00
1,1735,NESTLE IOGURTE POLPA MORANGO 6X540G,0,6539,24/12/2020 00:00
1,1736,NESTLE IOGURTE POLPA VITAMINA 6X540G,0,6539,24/12/2020 00:00
1,1939,NESTLE GREGO FRUTAS VERMELHAS 24X90G,0,6539,24/12/2020 00:00
1,1940,NESTLE GREGO TORTA MARACUJA 24X90G,0,6539,24/12/2020 00:00
1,1941,NESTLE GREGO TRADICIONAL 24X90G,0,6539,24/12/2020 00:00
1,1958,NESTLE GREGO TORTA MORANGO 24X90G,0,6539,24/12/2020 00:00
1,1963,NESTLE GREGO TORTA LIMAO 24X90G,0,6539,24/12/2020 00:00
1,2037,NESFIT IOGURTE FRUTAS VERM 12X850G,0,6539,24/12/2020 00:00
1,2038,NESFIT IOGURTE MORANGO BAUN 12X850G,0,6539,24/12/2020 00:00
1,2099,MOLICO IOGURTE LIQ MRG 12X850G,0,6539,24/12/2020 00:00
1,2373,NINHO IOGURTE POLPA 6X720G,0,6539,24/12/2020 00:00
1,167,CHAMYTO IOGURTE MOR+CER CHOC 24X130G,0,6544,28/12/2020 00:00
1,168,CHAMYTO BEB LACTEA MOR+CER CRML 24X130G,0,6544,28/12/2020 00:00
1,176,NINHO IOGURTE LIQ MACA E BANANA 12X850G,0,6544,28/12/2020 00:00
1,180,NINHO IOGURTE POLPA 6X540G,0,6544,28/12/2020 00:00
1,182,CHAMBINHO PETIT MRG 12X480G,0,6544,28/12/2020 00:00
1,183,CHAMBINHO PETIT MOR 16X320G,0,6544,28/12/2020 00:00
1,192,NESTLE BICAM IOGURTE MORANGO 28X150G,0,6544,28/12/2020 00:00
1,194,NESTLE GREGO IOG FRUTAS VERM 12X400G,0,6544,28/12/2020 00:00
1,195,IOGURTE GREGO NESTLE TRADICIONAL 12X400G,0,6544,28/12/2020 00:00
1,198,NESTLE NATURAL CENOURA+LARANJA 28X170G,0,6544,28/12/2020 00:00
1,199,IOGURTE NESTLE NATURAL 28X170G,0,6544,28/12/2020 00:00
1,200,NESTLE IOG NATURAL DESNATADO 28X160G,0,6544,28/12/2020 00:00
1,201,IOGURTE NESTLE NATURAL MEL 28X170G,0,6544,28/12/2020 00:00
1,204,NESTLE FLAN CARAMELO 20X200G,0,6544,28/12/2020 00:00
1,206,NESTLE GREGO IOG LIGHT 3 SAB 6X540G,0,6544,28/12/2020 00:00
1,212,NINHO SOLEIL PETIT MRG+BNA&MC 16X320G,0,6544,28/12/2020 00:00
1,213,REQUEIJAO CREMOSO NESTLE 15X200G,0,6544,28/12/2020 00:00
1,214,REQUEIJAO CREMOSO NESTLE LIGHT 15X200G,0,6544,28/12/2020 00:00
1,249,NESTLE GREGO LIGHT MARACUJA 12X360G,0,6544,28/12/2020 00:00
1,254,NINHO FRUTI MORANGO 8X250G,0,6544,28/12/2020 00:00
1,287,NINHO IOGURTE LIQ MACA E BANANA 24X170G,0,6544,28/12/2020 00:00
1,288,NINHO IOGURTE MORANGO 24X170G,0,6544,28/12/2020 00:00
1,333,NESTON IOGURTE POLPA 2 SABORES 6X540G,0,6544,28/12/2020 00:00
1,448,CHANDELLE CHANTILLY CHOCOLATE 24X200G,0,6544,28/12/2020 00:00
1,449,CHANDELLE CHANTILLY CARAMELO 24X200G,0,6544,28/12/2020 00:00
1,450,CHANDELLE CHOCOLATE 24X180G,0,6544,28/12/2020 00:00
1,451,CHAMBINHO CHOCOLATE 16X320G,0,6544,28/12/2020 00:00
1,453,CHANDELLE CHOCOLATE 18X360G,0,6544,28/12/2020 00:00
1,759,CHAMYTO LEITE FERMENTADO 21X6X75G,0,6544,28/12/2020 00:00
1,1505,NESTLE IOG VIT DE FRUTA 24X170G,0,6544,28/12/2020 00:00
1,1506,NESTLE IOG VIT DE FRUTA 12X900G,0,6544,28/12/2020 00:00
1,1508,NESTLE GREGO IOG LT MORANGO 12X360G,0,6544,28/12/2020 00:00
1,1509,NESTLE IOGURTE MORANGO 24X170G,0,6544,28/12/2020 00:00
1,1510,NESTLE IOGURTE MORANGO 12X1.250G,0,6544,28/12/2020 00:00
1,1512,NESTLE IOGURTE VIT DE FRUTA 12X1.250G,0,6544,28/12/2020 00:00
1,1517,NESTON IOGURTE LIQ MACA E BAN 24X170G,0,6544,28/12/2020 00:00
1,1519,NESTLE GREGO IOG TRAD + MRG 6X600G,0,6544,28/12/2020 00:00
1,1520,CHAMYTO GO IOG LIQ VITAMINA 24X100G,0,6544,28/12/2020 00:00
1,1521,CHAMYTO GO IOG LIQ MORANGO 24X100G,0,6544,28/12/2020 00:00
1,1693,NINHO IOGURTE LIQ MACA E BANANA 24X100G,0,6544,28/12/2020 00:00
1,1697,CHANDELLE CHOCOLATE 6X720G,0,6544,28/12/2020 00:00
1,1698,CHAMYTO LEITE FERM 21X6X120G,0,6544,28/12/2020 00:00
1,1735,NESTLE IOGURTE POLPA MORANGO 6X540G,0,6544,28/12/2020 00:00
1,1735,NESTLE IOGURTE POLPA MORANGO 6X540G,0,6544,28/12/2020 00:00
1,1736,NESTLE IOGURTE POLPA VITAMINA 6X540G,0,6544,28/12/2020 00:00
1,1736,NESTLE IOGURTE POLPA VITAMINA 6X540G,0,6544,28/12/2020 00:00
1,1887,CHANDELLE CHOCOLATE BRANCO 18X360G,0,6544,28/12/2020 00:00
1,1939,NESTLE GREGO FRUTAS VERMELHAS 24X90G,0,6544,28/12/2020 00:00
1,1940,NESTLE GREGO TORTA MARACUJA 24X90G,0,6544,28/12/2020 00:00
1,1941,NESTLE GREGO TRADICIONAL 24X90G,0,6544,28/12/2020 00:00
1,1958,NESTLE GREGO TORTA MORANGO 24X90G,0,6544,28/12/2020 00:00
1,1963,NESTLE GREGO TORTA LIMAO 24X90G,0,6544,28/12/2020 00:00
1,2037,NESFIT IOGURTE FRUTAS VERM 12X850G,0,6544,28/12/2020 00:00
1,2038,NESFIT IOGURTE MORANGO BAUN 12X850G,0,6544,28/12/2020 00:00
1,2039,NESFIT IOGURTE MARACUJA AVEIA 12X850G,0,6544,28/12/2020 00:00
1,2040,NESFIT IOGURTE FRUTAS VERMELHAS 24X170G,0,6544,28/12/2020 00:00
1,2041,NESFIT IOGURTE MARACUJA AVEIA 24X170G,0,6544,28/12/2020 00:00
1,2042,NESFIT IOGURTE MORANGO BAUN 24X170G,0,6544,28/12/2020 00:00
1,2099,MOLICO IOGURTE LIQ MRG 12X850G,0,6544,28/12/2020 00:00
1,2100,MOLICO IOGURTE LIQ MRG 24X170G,0,6544,28/12/2020 00:00
1,2127,NESFIT IOGURTE FRUTAS VERMELHAS 20X150G,0,6544,28/12/2020 00:00
1,2347,CHAMBINHO PETIT MRG 64X80G,0,6544,28/12/2020 00:00
1,2373,NINHO IOGURTE POLPA 6X720G,0,6544,28/12/2020 00:00
1,2373,NINHO IOGURTE POLPA 6X720G,0,6544,28/12/2020 00:00
1,167,CHAMYTO IOGURTE MOR+CER CHOC 24X130G,0,6555,30/12/2020 00:00
1,168,CHAMYTO BEB LACTEA MOR+CER CRML 24X130G,0,6555,30/12/2020 00:00
1,174,NESTON IOGURTE LIQ MACA BNA 12X850G,0,6555,30/12/2020 00:00
1,176,NINHO IOGURTE LIQ MACA E BANANA 12X850G,0,6555,30/12/2020 00:00
1,180,NINHO IOGURTE POLPA 6X540G,0,6555,30/12/2020 00:00
1,182,CHAMBINHO PETIT MRG 12X480G,0,6555,30/12/2020 00:00
1,183,CHAMBINHO PETIT MOR 16X320G,0,6555,30/12/2020 00:00
1,192,NESTLE BICAM IOGURTE MORANGO 28X150G,0,6555,30/12/2020 00:00
1,204,NESTLE FLAN CARAMELO 20X200G,0,6555,30/12/2020 00:00
1,206,NESTLE GREGO IOG LIGHT 3 SAB 6X540G,0,6555,30/12/2020 00:00
1,212,NINHO SOLEIL PETIT MRG+BNA&MC 16X320G,0,6555,30/12/2020 00:00
1,213,REQUEIJAO CREMOSO NESTLE 15X200G,0,6555,30/12/2020 00:00
1,214,REQUEIJAO CREMOSO NESTLE LIGHT 15X200G,0,6555,30/12/2020 00:00
1,254,NINHO FRUTI MORANGO 8X250G,0,6555,30/12/2020 00:00
1,287,NINHO IOGURTE LIQ MACA E BANANA 24X170G,0,6555,30/12/2020 00:00
1,288,NINHO IOGURTE MORANGO 24X170G,0,6555,30/12/2020 00:00
1,333,NESTON IOGURTE POLPA 2 SABORES 6X540G,0,6555,30/12/2020 00:00
1,448,CHANDELLE CHANTILLY CHOCOLATE 24X200G,0,6555,30/12/2020 00:00
1,450,CHANDELLE CHOCOLATE 24X180G,0,6555,30/12/2020 00:00
1,451,CHAMBINHO CHOCOLATE 16X320G,0,6555,30/12/2020 00:00
1,453,CHANDELLE CHOCOLATE 18X360G,0,6555,30/12/2020 00:00
1,759,CHAMYTO LEITE FERMENTADO 21X6X75G,0,6555,30/12/2020 00:00
1,1505,NESTLE IOG VIT DE FRUTA 24X170G,0,6555,30/12/2020 00:00
1,1506,NESTLE IOG VIT DE FRUTA 12X900G,0,6555,30/12/2020 00:00
1,1509,NESTLE IOGURTE MORANGO 24X170G,0,6555,30/12/2020 00:00
1,1510,NESTLE IOGURTE MORANGO 12X1.250G,0,6555,30/12/2020 00:00
1,1511,NESTLE IOGURTE MORANGO 12X900G,0,6555,30/12/2020 00:00
1,1512,NESTLE IOGURTE VIT DE FRUTA 12X1.250G,0,6555,30/12/2020 00:00
1,1517,NESTON IOGURTE LIQ MACA E BAN 24X170G,0,6555,30/12/2020 00:00
1,1521,CHAMYTO GO IOG LIQ MORANGO 24X100G,0,6555,30/12/2020 00:00
1,1697,CHANDELLE CHOCOLATE 6X720G,0,6555,30/12/2020 00:00
1,1698,CHAMYTO LEITE FERM 21X6X120G,0,6555,30/12/2020 00:00
1,1735,NESTLE IOGURTE POLPA MORANGO 6X540G,0,6555,30/12/2020 00:00
1,1736,NESTLE IOGURTE POLPA VITAMINA 6X540G,0,6555,30/12/2020 00:00
1,1939,NESTLE GREGO FRUTAS VERMELHAS 24X90G,0,6555,30/12/2020 00:00
1,1940,NESTLE GREGO TORTA MARACUJA 24X90G,0,6555,30/12/2020 00:00
1,1941,NESTLE GREGO TRADICIONAL 24X90G,0,6555,30/12/2020 00:00
1,1963,NESTLE GREGO TORTA LIMAO 24X90G,0,6555,30/12/2020 00:00
1,2042,NESFIT IOGURTE MORANGO BAUN 24X170G,0,6555,30/12/2020 00:00
1,2099,MOLICO IOGURTE LIQ MRG 12X850G,0,6555,30/12/2020 00:00
1,2373,NINHO IOGURTE POLPA 6X720G,0,6555,30/12/2020 00:00
1,167,CHAMYTO IOGURTE MOR+CER CHOC 24X130G,0,6591,08/01/2021 00:00
1,168,CHAMYTO BEB LACTEA MOR+CER CRML 24X130G,0,6591,08/01/2021 00:00
1,174,NESTON IOGURTE LIQ MACA BNA 12X850G,0,6591,08/01/2021 00:00
1,176,NINHO IOGURTE LIQ MACA E BANANA 12X850G,0,6591,08/01/2021 00:00
1,180,NINHO IOGURTE POLPA 6X540G,0,6591,08/01/2021 00:00
1,183,CHAMBINHO PETIT MOR 16X320G,0,6591,08/01/2021 00:00
1,192,NESTLE BICAM IOGURTE MORANGO 28X150G,0,6591,08/01/2021 00:00
1,195,IOGURTE GREGO NESTLE TRADICIONAL 12X400G,0,6591,08/01/2021 00:00
1,198,NESTLE NATURAL CENOURA+LARANJA 28X170G,0,6591,08/01/2021 00:00
1,199,IOGURTE NESTLE NATURAL 28X170G,0,6591,08/01/2021 00:00
1,201,IOGURTE NESTLE NATURAL MEL 28X170G,0,6591,08/01/2021 00:00
1,212,NINHO SOLEIL PETIT MRG+BNA&MC 16X320G,0,6591,08/01/2021 00:00
1,213,REQUEIJAO CREMOSO NESTLE 15X200G,0,6591,08/01/2021 00:00
1,214,REQUEIJAO CREMOSO NESTLE LIGHT 15X200G,0,6591,08/01/2021 00:00
1,249,NESTLE GREGO LIGHT MARACUJA 12X360G,0,6591,08/01/2021 00:00
1,254,NINHO FRUTI MORANGO 8X250G,0,6591,08/01/2021 00:00
1,287,NINHO IOGURTE LIQ MACA E BANANA 24X170G,0,6591,08/01/2021 00:00
1,288,NINHO IOGURTE MORANGO 24X170G,0,6591,08/01/2021 00:00
1,333,NESTON IOGURTE POLPA 2 SABORES 6X540G,0,6591,08/01/2021 00:00
1,449,CHANDELLE CHANTILLY CARAMELO 24X200G,0,6591,08/01/2021 00:00
1,450,CHANDELLE CHOCOLATE 24X180G,0,6591,08/01/2021 00:00
1,451,CHAMBINHO CHOCOLATE 16X320G,0,6591,08/01/2021 00:00
1,453,CHANDELLE CHOCOLATE 18X360G,0,6591,08/01/2021 00:00
1,759,CHAMYTO LEITE FERMENTADO 21X6X75G,0,6591,08/01/2021 00:00
1,1505,NESTLE IOG VIT DE FRUTA 24X170G,0,6591,08/01/2021 00:00
1,1506,NESTLE IOG VIT DE FRUTA 12X900G,0,6591,08/01/2021 00:00
1,1509,NESTLE IOGURTE MORANGO 24X170G,0,6591,08/01/2021 00:00
1,1510,NESTLE IOGURTE MORANGO 12X1.250G,0,6591,08/01/2021 00:00
1,1511,NESTLE IOGURTE MORANGO 12X900G,0,6591,08/01/2021 00:00
1,1512,NESTLE IOGURTE VIT DE FRUTA 12X1.250G,0,6591,08/01/2021 00:00
1,1517,NESTON IOGURTE LIQ MACA E BAN 24X170G,0,6591,08/01/2021 00:00
1,1519,NESTLE GREGO IOG TRAD + MRG 6X600G,0,6591,08/01/2021 00:00
1,1520,CHAMYTO GO IOG LIQ VITAMINA 24X100G,0,6591,08/01/2021 00:00
1,1521,CHAMYTO GO IOG LIQ MORANGO 24X100G,0,6591,08/01/2021 00:00
1,1693,NINHO IOGURTE LIQ MACA E BANANA 24X100G,0,6591,08/01/2021 00:00
1,1697,CHANDELLE CHOCOLATE 6X720G,0,6591,08/01/2021 00:00
1,1698,CHAMYTO LEITE FERM 21X6X120G,0,6591,08/01/2021 00:00
1,1735,NESTLE IOGURTE POLPA MORANGO 6X540G,0,6591,08/01/2021 00:00
1,1736,NESTLE IOGURTE POLPA VITAMINA 6X540G,0,6591,08/01/2021 00:00
1,1887,CHANDELLE CHOCOLATE BRANCO 18X360G,0,6591,08/01/2021 00:00
1,1939,NESTLE GREGO FRUTAS VERMELHAS 24X90G,0,6591,08/01/2021 00:00
1,1940,NESTLE GREGO TORTA MARACUJA 24X90G,0,6591,08/01/2021 00:00
1,1941,NESTLE GREGO TRADICIONAL 24X90G,0,6591,08/01/2021 00:00
1,1958,NESTLE GREGO TORTA MORANGO 24X90G,0,6591,08/01/2021 00:00
1,1963,NESTLE GREGO TORTA LIMAO 24X90G,0,6591,08/01/2021 00:00
1,2037,NESFIT IOGURTE FRUTAS VERM 12X850G,0,6591,08/01/2021 00:00
1,2038,NESFIT IOGURTE MORANGO BAUN 12X850G,0,6591,08/01/2021 00:00
1,2039,NESFIT IOGURTE MARACUJA AVEIA 12X850G,0,6591,08/01/2021 00:00
1,2041,NESFIT IOGURTE MARACUJA AVEIA 24X170G,0,6591,08/01/2021 00:00
1,2099,MOLICO IOGURTE LIQ MRG 12X850G,0,6591,08/01/2021 00:00
1,2100,MOLICO IOGURTE LIQ MRG 24X170G,0,6591,08/01/2021 00:00
1,2127,NESFIT IOGURTE FRUTAS VERMELHAS 20X150G,0,6591,08/01/2021 00:00
1,2373,NINHO IOGURTE POLPA 6X720G,0,6591,08/01/2021 00:00
1,167,CHAMYTO IOGURTE MOR+CER CHOC 24X130G,0,6604,11/01/2021 00:00
1,168,CHAMYTO BEB LACTEA MOR+CER CRML 24X130G,0,6604,11/01/2021 00:00
1,174,NESTON IOGURTE LIQ MACA BNA 12X850G,0,6604,11/01/2021 00:00
1,176,NINHO IOGURTE LIQ MACA E BANANA 12X850G,0,6604,11/01/2021 00:00
1,180,NINHO IOGURTE POLPA 6X540G,0,6604,11/01/2021 00:00
1,182,CHAMBINHO PETIT MRG 12X480G,0,6604,11/01/2021 00:00
1,183,CHAMBINHO PETIT MOR 16X320G,0,6604,11/01/2021 00:00
1,194,NESTLE GREGO IOG FRUTAS VERM 12X400G,0,6604,11/01/2021 00:00
1,195,IOGURTE GREGO NESTLE TRADICIONAL 12X400G,0,6604,11/01/2021 00:00
1,198,NESTLE NATURAL CENOURA+LARANJA 28X170G,0,6604,11/01/2021 00:00
1,199,IOGURTE NESTLE NATURAL 28X170G,0,6604,11/01/2021 00:00
1,200,NESTLE IOG NATURAL DESNATADO 28X160G,0,6604,11/01/2021 00:00
1,201,IOGURTE NESTLE NATURAL MEL 28X170G,0,6604,11/01/2021 00:00
1,204,NESTLE FLAN CARAMELO 20X200G,0,6604,11/01/2021 00:00
1,206,NESTLE GREGO IOG LIGHT 3 SAB 6X540G,0,6604,11/01/2021 00:00
1,212,NINHO SOLEIL PETIT MRG+BNA&MC 16X320G,0,6604,11/01/2021 00:00
1,213,REQUEIJAO CREMOSO NESTLE 15X200G,0,6604,11/01/2021 00:00
1,214,REQUEIJAO CREMOSO NESTLE LIGHT 15X200G,0,6604,11/01/2021 00:00
1,249,NESTLE GREGO LIGHT MARACUJA 12X360G,0,6604,11/01/2021 00:00
1,254,NINHO FRUTI MORANGO 8X250G,0,6604,11/01/2021 00:00
1,287,NINHO IOGURTE LIQ MACA E BANANA 24X170G,0,6604,11/01/2021 00:00
1,288,NINHO IOGURTE MORANGO 24X170G,0,6604,11/01/2021 00:00
1,333,NESTON IOGURTE POLPA 2 SABORES 6X540G,0,6604,11/01/2021 00:00
1,448,CHANDELLE CHANTILLY CHOCOLATE 24X200G,0,6604,11/01/2021 00:00
1,449,CHANDELLE CHANTILLY CARAMELO 24X200G,0,6604,11/01/2021 00:00
1,450,CHANDELLE CHOCOLATE 24X180G,0,6604,11/01/2021 00:00
1,451,CHAMBINHO CHOCOLATE 16X320G,0,6604,11/01/2021 00:00
1,453,CHANDELLE CHOCOLATE 18X360G,0,6604,11/01/2021 00:00
1,759,CHAMYTO LEITE FERMENTADO 21X6X75G,0,6604,11/01/2021 00:00
1,1505,NESTLE IOG VIT DE FRUTA 24X170G,0,6604,11/01/2021 00:00
1,1506,NESTLE IOG VIT DE FRUTA 12X900G,0,6604,11/01/2021 00:00
1,1508,NESTLE GREGO IOG LT MORANGO 12X360G,0,6604,11/01/2021 00:00
1,1509,NESTLE IOGURTE MORANGO 24X170G,0,6604,11/01/2021 00:00
1,1510,NESTLE IOGURTE MORANGO 12X1.250G,0,6604,11/01/2021 00:00
1,1511,NESTLE IOGURTE MORANGO 12X900G,0,6604,11/01/2021 00:00
1,1512,NESTLE IOGURTE VIT DE FRUTA 12X1.250G,0,6604,11/01/2021 00:00
1,1517,NESTON IOGURTE LIQ MACA E BAN 24X170G,0,6604,11/01/2021 00:00
1,1519,NESTLE GREGO IOG TRAD + MRG 6X600G,0,6604,11/01/2021 00:00
1,1520,CHAMYTO GO IOG LIQ VITAMINA 24X100G,0,6604,11/01/2021 00:00
1,1521,CHAMYTO GO IOG LIQ MORANGO 24X100G,0,6604,11/01/2021 00:00
1,1693,NINHO IOGURTE LIQ MACA E BANANA 24X100G,0,6604,11/01/2021 00:00
1,1697,CHANDELLE CHOCOLATE 6X720G,0,6604,11/01/2021 00:00
1,1698,CHAMYTO LEITE FERM 21X6X120G,0,6604,11/01/2021 00:00
1,1735,NESTLE IOGURTE POLPA MORANGO 6X540G,0,6604,11/01/2021 00:00
1,1736,NESTLE IOGURTE POLPA VITAMINA 6X540G,0,6604,11/01/2021 00:00
1,1887,CHANDELLE CHOCOLATE BRANCO 18X360G,0,6604,11/01/2021 00:00
1,1939,NESTLE GREGO FRUTAS VERMELHAS 24X90G,0,6604,11/01/2021 00:00
1,1940,NESTLE GREGO TORTA MARACUJA 24X90G,0,6604,11/01/2021 00:00
1,1941,NESTLE GREGO TRADICIONAL 24X90G,0,6604,11/01/2021 00:00
1,1958,NESTLE GREGO TORTA MORANGO 24X90G,0,6604,11/01/2021 00:00
1,1963,NESTLE GREGO TORTA LIMAO 24X90G,0,6604,11/01/2021 00:00
1,2037,NESFIT IOGURTE FRUTAS VERM 12X850G,0,6604,11/01/2021 00:00
1,2038,NESFIT IOGURTE MORANGO BAUN 12X850G,0,6604,11/01/2021 00:00
1,2039,NESFIT IOGURTE MARACUJA AVEIA 12X850G,0,6604,11/01/2021 00:00
1,2040,NESFIT IOGURTE FRUTAS VERMELHAS 24X170G,0,6604,11/01/2021 00:00
1,2041,NESFIT IOGURTE MARACUJA AVEIA 24X170G,0,6604,11/01/2021 00:00
1,2099,MOLICO IOGURTE LIQ MRG 12X850G,0,6604,11/01/2021 00:00
1,2100,MOLICO IOGURTE LIQ MRG 24X170G,0,6604,11/01/2021 00:00
1,2104,NESFIT IOGURTE MORANGO BAUN 20X150G,0,6604,11/01/2021 00:00
1,2373,NINHO IOGURTE POLPA 6X720G,0,6604,11/01/2021 00:00
1,167,CHAMYTO IOGURTE MOR+CER CHOC 24X130G,0,6626,15/01/2021 00:00
1,168,CHAMYTO BEB LACTEA MOR+CER CRML 24X130G,0,6626,15/01/2021 00:00
1,174,NESTON IOGURTE LIQ MACA BNA 12X850G,0,6626,15/01/2021 00:00
1,176,NINHO IOGURTE LIQ MACA E BANANA 12X850G,0,6626,15/01/2021 00:00
1,180,NINHO IOGURTE POLPA 6X540G,0,6626,15/01/2021 00:00
1,182,CHAMBINHO PETIT MRG 12X480G,0,6626,15/01/2021 00:00
1,183,CHAMBINHO PETIT MOR 16X320G,0,6626,15/01/2021 00:00
1,192,NESTLE BICAM IOGURTE MORANGO 28X150G,0,6626,15/01/2021 00:00
1,194,NESTLE GREGO IOG FRUTAS VERM 12X400G,0,6626,15/01/2021 00:00
1,195,IOGURTE GREGO NESTLE TRADICIONAL 12X400G,0,6626,15/01/2021 00:00
1,198,NESTLE NATURAL CENOURA+LARANJA 28X170G,0,6626,15/01/2021 00:00
1,199,IOGURTE NESTLE NATURAL 28X170G,0,6626,15/01/2021 00:00
1,200,NESTLE IOG NATURAL DESNATADO 28X160G,0,6626,15/01/2021 00:00
1,201,IOGURTE NESTLE NATURAL MEL 28X170G,0,6626,15/01/2021 00:00
1,204,NESTLE FLAN CARAMELO 20X200G,0,6626,15/01/2021 00:00
1,206,NESTLE GREGO IOG LIGHT 3 SAB 6X540G,0,6626,15/01/2021 00:00
1,212,NINHO SOLEIL PETIT MRG+BNA&MC 16X320G,0,6626,15/01/2021 00:00
1,213,REQUEIJAO CREMOSO NESTLE 15X200G,0,6626,15/01/2021 00:00
1,214,REQUEIJAO CREMOSO NESTLE LIGHT 15X200G,0,6626,15/01/2021 00:00
1,254,NINHO FRUTI MORANGO 8X250G,0,6626,15/01/2021 00:00
1,287,NINHO IOGURTE LIQ MACA E BANANA 24X170G,0,6626,15/01/2021 00:00
1,288,NINHO IOGURTE MORANGO 24X170G,0,6626,15/01/2021 00:00
1,333,NESTON IOGURTE POLPA 2 SABORES 6X540G,0,6626,15/01/2021 00:00
1,448,CHANDELLE CHANTILLY CHOCOLATE 24X200G,0,6626,15/01/2021 00:00
1,450,CHANDELLE CHOCOLATE 24X180G,0,6626,15/01/2021 00:00
1,451,CHAMBINHO CHOCOLATE 16X320G,0,6626,15/01/2021 00:00
1,453,CHANDELLE CHOCOLATE 18X360G,0,6626,15/01/2021 00:00
1,1505,NESTLE IOG VIT DE FRUTA 24X170G,0,6626,15/01/2021 00:00
1,1506,NESTLE IOG VIT DE FRUTA 12X900G,0,6626,15/01/2021 00:00
1,1508,NESTLE GREGO IOG LT MORANGO 12X360G,0,6626,15/01/2021 00:00
1,1509,NESTLE IOGURTE MORANGO 24X170G,0,6626,15/01/2021 00:00
1,1511,NESTLE IOGURTE MORANGO 12X900G,0,6626,15/01/2021 00:00
1,1517,NESTON IOGURTE LIQ MACA E BAN 24X170G,0,6626,15/01/2021 00:00
1,1519,NESTLE GREGO IOG TRAD + MRG 6X600G,0,6626,15/01/2021 00:00
1,1520,CHAMYTO GO IOG LIQ VITAMINA 24X100G,0,6626,15/01/2021 00:00
1,1521,CHAMYTO GO IOG LIQ MORANGO 24X100G,0,6626,15/01/2021 00:00
1,1697,CHANDELLE CHOCOLATE 6X720G,0,6626,15/01/2021 00:00
1,1735,NESTLE IOGURTE POLPA MORANGO 6X540G,0,6626,15/01/2021 00:00
1,1736,NESTLE IOGURTE POLPA VITAMINA 6X540G,0,6626,15/01/2021 00:00
1,2038,NESFIT IOGURTE MORANGO BAUN 12X850G,0,6626,15/01/2021 00:00
1,2373,NINHO IOGURTE POLPA 6X720G,0,6626,15/01/2021 00:00
1,2455,MOLICO IOGURTE LIQ BAUN 24X170G,0,6626,15/01/2021 00:00
1,167,CHAMYTO IOGURTE MOR+CER CHOC 24X130G,0,6659,25/01/2021 00:00
1,168,CHAMYTO BEB LACTEA MOR+CER CRML 24X130G,0,6659,25/01/2021 00:00
1,176,NINHO IOGURTE LIQ MACA E BANANA 12X850G,0,6659,25/01/2021 00:00
1,176,NINHO IOGURTE LIQ MACA E BANANA 12X850G,0,6659,25/01/2021 00:00
1,180,NINHO IOGURTE POLPA 6X540G,0,6659,25/01/2021 00:00
1,183,CHAMBINHO PETIT MOR 16X320G,0,6659,25/01/2021 00:00
1,192,NESTLE BICAM IOGURTE MORANGO 28X150G,0,6659,25/01/2021 00:00
1,195,IOGURTE GREGO NESTLE TRADICIONAL 12X400G,0,6659,25/01/2021 00:00
1,198,NESTLE NATURAL CENOURA+LARANJA 28X170G,0,6659,25/01/2021 00:00
1,199,IOGURTE NESTLE NATURAL 28X170G,0,6659,25/01/2021 00:00
1,200,NESTLE IOG NATURAL DESNATADO 28X160G,0,6659,25/01/2021 00:00
1,201,IOGURTE NESTLE NATURAL MEL 28X170G,0,6659,25/01/2021 00:00
1,201,IOGURTE NESTLE NATURAL MEL 28X170G,0,6659,25/01/2021 00:00
1,204,NESTLE FLAN CARAMELO 20X200G,0,6659,25/01/2021 00:00
1,206,NESTLE GREGO IOG LIGHT 3 SAB 6X540G,0,6659,25/01/2021 00:00
1,212,NINHO SOLEIL PETIT MRG+BNA&MC 16X320G,0,6659,25/01/2021 00:00
1,213,REQUEIJAO CREMOSO NESTLE 15X200G,0,6659,25/01/2021 00:00
1,214,REQUEIJAO CREMOSO NESTLE LIGHT 15X200G,0,6659,25/01/2021 00:00
1,254,NINHO FRUTI MORANGO 8X250G,0,6659,25/01/2021 00:00
1,333,NESTON IOGURTE POLPA 2 SABORES 6X540G,0,6659,25/01/2021 00:00
1,448,CHANDELLE CHANTILLY CHOCOLATE 24X200G,0,6659,25/01/2021 00:00
1,449,CHANDELLE CHANTILLY CARAMELO 24X200G,0,6659,25/01/2021 00:00
1,450,CHANDELLE CHOCOLATE 24X180G,0,6659,25/01/2021 00:00
1,451,CHAMBINHO CHOCOLATE 16X320G,0,6659,25/01/2021 00:00
1,453,CHANDELLE CHOCOLATE 18X360G,0,6659,25/01/2021 00:00
1,759,CHAMYTO LEITE FERMENTADO 21X6X75G,0,6659,25/01/2021 00:00
1,1505,NESTLE IOG VIT DE FRUTA 24X170G,0,6659,25/01/2021 00:00
1,1506,NESTLE IOG VIT DE FRUTA 12X900G,0,6659,25/01/2021 00:00
1,1509,NESTLE IOGURTE MORANGO 24X170G,0,6659,25/01/2021 00:00
1,1510,NESTLE IOGURTE MORANGO 12X1.250G,0,6659,25/01/2021 00:00
1,1511,NESTLE IOGURTE MORANGO 12X900G,0,6659,25/01/2021 00:00
1,1512,NESTLE IOGURTE VIT DE FRUTA 12X1.250G,0,6659,25/01/2021 00:00
1,1517,NESTON IOGURTE LIQ MACA E BAN 24X170G,0,6659,25/01/2021 00:00
1,1519,NESTLE GREGO IOG TRAD + MRG 6X600G,0,6659,25/01/2021 00:00
1,1520,CHAMYTO GO IOG LIQ VITAMINA 24X100G,0,6659,25/01/2021 00:00
1,1693,NINHO IOGURTE LIQ MACA E BANANA 24X100G,0,6659,25/01/2021 00:00
1,1697,CHANDELLE CHOCOLATE 6X720G,0,6659,25/01/2021 00:00
1,1698,CHAMYTO LEITE FERM 21X6X120G,0,6659,25/01/2021 00:00
1,1735,NESTLE IOGURTE POLPA MORANGO 6X540G,0,6659,25/01/2021 00:00
1,1736,NESTLE IOGURTE POLPA VITAMINA 6X540G,0,6659,25/01/2021 00:00
1,1940,NESTLE GREGO TORTA MARACUJA 24X90G,0,6659,25/01/2021 00:00
1,1958,NESTLE GREGO TORTA MORANGO 24X90G,0,6659,25/01/2021 00:00
1,1963,NESTLE GREGO TORTA LIMAO 24X90G,0,6659,25/01/2021 00:00
1,2038,NESFIT IOGURTE MORANGO BAUN 12X850G,0,6659,25/01/2021 00:00
1,2040,NESFIT IOGURTE FRUTAS VERMELHAS 24X170G,0,6659,25/01/2021 00:00
1,2100,MOLICO IOGURTE LIQ MRG 24X170G,0,6659,25/01/2021 00:00
1,2373,NINHO IOGURTE POLPA 6X720G,0,6659,25/01/2021 00:00
1,167,CHAMYTO IOGURTE MOR+CER CHOC 24X130G,0,6715,05/02/2021 00:00
1,168,CHAMYTO BEB LACTEA MOR+CER CRML 24X130G,0,6715,05/02/2021 00:00
1,174,NESTON IOGURTE LIQ MACA BNA 12X850G,0,6715,05/02/2021 00:00
1,176,NINHO IOGURTE LIQ MACA E BANANA 12X850G,0,6715,05/02/2021 00:00
1,180,NINHO IOGURTE POLPA 6X540G,0,6715,05/02/2021 00:00
1,183,CHAMBINHO PETIT MOR 16X320G,0,6715,05/02/2021 00:00
1,192,NESTLE BICAM IOGURTE MORANGO 28X150G,0,6715,05/02/2021 00:00
1,198,NESTLE NATURAL CENOURA+LARANJA 28X170G,0,6715,05/02/2021 00:00
1,199,IOGURTE NESTLE NATURAL 28X170G,0,6715,05/02/2021 00:00
1,201,IOGURTE NESTLE NATURAL MEL 28X170G,0,6715,05/02/2021 00:00
1,204,NESTLE FLAN CARAMELO 20X200G,0,6715,05/02/2021 00:00
1,206,NESTLE GREGO IOG LIGHT 3 SAB 6X540G,0,6715,05/02/2021 00:00
1,212,NINHO SOLEIL PETIT MRG+BNA&MC 16X320G,0,6715,05/02/2021 00:00
1,254,NINHO FRUTI MORANGO 8X250G,0,6715,05/02/2021 00:00
1,287,NINHO IOGURTE LIQ MACA E BANANA 24X170G,0,6715,05/02/2021 00:00
1,288,NINHO IOGURTE MORANGO 24X170G,0,6715,05/02/2021 00:00
1,333,NESTON IOGURTE POLPA 2 SABORES 6X540G,0,6715,05/02/2021 00:00
1,448,CHANDELLE CHANTILLY CHOCOLATE 24X200G,0,6715,05/02/2021 00:00
1,449,CHANDELLE CHANTILLY CARAMELO 24X200G,0,6715,05/02/2021 00:00
1,450,CHANDELLE CHOCOLATE 24X180G,0,6715,05/02/2021 00:00
1,451,CHAMBINHO CHOCOLATE 16X320G,0,6715,05/02/2021 00:00
1,453,CHANDELLE CHOCOLATE 18X360G,0,6715,05/02/2021 00:00
1,759,CHAMYTO LEITE FERMENTADO 21X6X75G,0,6715,05/02/2021 00:00
1,1508,NESTLE GREGO IOG LT MORANGO 12X360G,0,6715,05/02/2021 00:00
1,1509,NESTLE IOGURTE MORANGO 24X170G,0,6715,05/02/2021 00:00
1,1510,NESTLE IOGURTE MORANGO 12X1.250G,0,6715,05/02/2021 00:00
1,1511,NESTLE IOGURTE MORANGO 12X900G,0,6715,05/02/2021 00:00
1,1512,NESTLE IOGURTE VIT DE FRUTA 12X1.250G,0,6715,05/02/2021 00:00
1,1517,NESTON IOGURTE LIQ MACA E BAN 24X170G,0,6715,05/02/2021 00:00
1,1519,NESTLE GREGO IOG TRAD + MRG 6X600G,0,6715,05/02/2021 00:00
1,1521,CHAMYTO GO IOG LIQ MORANGO 24X100G,0,6715,05/02/2021 00:00
1,1693,NINHO IOGURTE LIQ MACA E BANANA 24X100G,0,6715,05/02/2021 00:00
1,1697,CHANDELLE CHOCOLATE 6X720G,0,6715,05/02/2021 00:00
1,1698,CHAMYTO LEITE FERM 21X6X120G,0,6715,05/02/2021 00:00
1,1735,NESTLE IOGURTE POLPA MORANGO 6X540G,0,6715,05/02/2021 00:00
1,1736,NESTLE IOGURTE POLPA VITAMINA 6X540G,0,6715,05/02/2021 00:00
1,1940,NESTLE GREGO TORTA MARACUJA 24X90G,0,6715,05/02/2021 00:00
1,1941,NESTLE GREGO TRADICIONAL 24X90G,0,6715,05/02/2021 00:00
1,2037,NESFIT IOGURTE FRUTAS VERM 12X850G,0,6715,05/02/2021 00:00
1,2038,NESFIT IOGURTE MORANGO BAUN 12X850G,0,6715,05/02/2021 00:00
1,2039,NESFIT IOGURTE MARACUJA AVEIA 12X850G,0,6715,05/02/2021 00:00
1,2373,NINHO IOGURTE POLPA 6X720G,0,6715,05/02/2021 00:00
1,167,CHAMYTO IOGURTE MOR+CER CHOC 24X130G,0,6757,12/02/2021 00:00
1,168,CHAMYTO BEB LACTEA MOR+CER CRML 24X130G,0,6757,12/02/2021 00:00
1,174,NESTON IOGURTE LIQ MACA BNA 12X850G,0,6757,12/02/2021 00:00
1,176,NINHO IOGURTE LIQ MACA E BANANA 12X850G,0,6757,12/02/2021 00:00
1,180,NINHO IOGURTE POLPA 6X540G,0,6757,12/02/2021 00:00
1,182,CHAMBINHO PETIT MRG 12X480G,0,6757,12/02/2021 00:00
1,183,CHAMBINHO PETIT MOR 16X320G,0,6757,12/02/2021 00:00
1,192,NESTLE BICAM IOGURTE MORANGO 28X150G,0,6757,12/02/2021 00:00
1,194,NESTLE GREGO IOG FRUTAS VERM 12X400G,0,6757,12/02/2021 00:00
1,195,IOGURTE GREGO NESTLE TRADICIONAL 12X400G,0,6757,12/02/2021 00:00
1,198,NESTLE NATURAL CENOURA+LARANJA 28X170G,0,6757,12/02/2021 00:00
1,199,IOGURTE NESTLE NATURAL 28X170G,0,6757,12/02/2021 00:00
1,200,NESTLE IOG NATURAL DESNATADO 28X160G,0,6757,12/02/2021 00:00
1,201,IOGURTE NESTLE NATURAL MEL 28X170G,0,6757,12/02/2021 00:00
1,206,NESTLE GREGO IOG LIGHT 3 SAB 6X540G,0,6757,12/02/2021 00:00
1,212,NINHO SOLEIL PETIT MRG+BNA&MC 16X320G,0,6757,12/02/2021 00:00
1,213,REQUEIJAO CREMOSO NESTLE 15X200G,390,6757,12/02/2021 00:00
1,214,REQUEIJAO CREMOSO NESTLE LIGHT 15X200G,0,6757,12/02/2021 00:00
1,249,NESTLE GREGO LIGHT MARACUJA 12X360G,0,6757,12/02/2021 00:00
1,254,NINHO FRUTI MORANGO 8X250G,0,6757,12/02/2021 00:00
1,287,NINHO IOGURTE LIQ MACA E BANANA 24X170G,0,6757,12/02/2021 00:00
1,288,NINHO IOGURTE MORANGO 24X170G,0,6757,12/02/2021 00:00
1,333,NESTON IOGURTE POLPA 2 SABORES 6X540G,0,6757,12/02/2021 00:00
1,448,CHANDELLE CHANTILLY CHOCOLATE 24X200G,0,6757,12/02/2021 00:00
1,449,CHANDELLE CHANTILLY CARAMELO 24X200G,0,6757,12/02/2021 00:00
1,450,CHANDELLE CHOCOLATE 24X180G,0,6757,12/02/2021 00:00
1,451,CHAMBINHO CHOCOLATE 16X320G,0,6757,12/02/2021 00:00
1,453,CHANDELLE CHOCOLATE 18X360G,0,6757,12/02/2021 00:00
1,759,CHAMYTO LEITE FERMENTADO 21X6X75G,0,6757,12/02/2021 00:00
1,1505,NESTLE IOG VIT DE FRUTA 24X170G,0,6757,12/02/2021 00:00
1,1509,NESTLE IOGURTE MORANGO 24X170G,0,6757,12/02/2021 00:00
1,1510,NESTLE IOGURTE MORANGO 12X1.250G,0,6757,12/02/2021 00:00
1,1511,NESTLE IOGURTE MORANGO 12X900G,0,6757,12/02/2021 00:00
1,1512,NESTLE IOGURTE VIT DE FRUTA 12X1.250G,0,6757,12/02/2021 00:00
1,1517,NESTON IOGURTE LIQ MACA E BAN 24X170G,0,6757,12/02/2021 00:00
1,1519,NESTLE GREGO IOG TRAD + MRG 6X600G,0,6757,12/02/2021 00:00
1,1520,CHAMYTO GO IOG LIQ VITAMINA 24X100G,0,6757,12/02/2021 00:00
1,1521,CHAMYTO GO IOG LIQ MORANGO 24X100G,552,6757,12/02/2021 00:00
1,1693,NINHO IOGURTE LIQ MACA E BANANA 24X100G,0,6757,12/02/2021 00:00
1,1697,CHANDELLE CHOCOLATE 6X720G,0,6757,12/02/2021 00:00
1,1698,CHAMYTO LEITE FERM 21X6X120G,0,6757,12/02/2021 00:00
1,1735,NESTLE IOGURTE POLPA MORANGO 6X540G,0,6757,12/02/2021 00:00
1,1736,NESTLE IOGURTE POLPA VITAMINA 6X540G,0,6757,12/02/2021 00:00
1,1887,CHANDELLE CHOCOLATE BRANCO 18X360G,0,6757,12/02/2021 00:00
1,1939,NESTLE GREGO FRUTAS VERMELHAS 24X90G,0,6757,12/02/2021 00:00
1,1941,NESTLE GREGO TRADICIONAL 24X90G,0,6757,12/02/2021 00:00
1,1958,NESTLE GREGO TORTA MORANGO 24X90G,0,6757,12/02/2021 00:00
1,1963,NESTLE GREGO TORTA LIMAO 24X90G,0,6757,12/02/2021 00:00
1,2037,NESFIT IOGURTE FRUTAS VERM 12X850G,168,6757,12/02/2021 00:00
1,2038,NESFIT IOGURTE MORANGO BAUN 12X850G,336,6757,12/02/2021 00:00
1,2039,NESFIT IOGURTE MARACUJA AVEIA 12X850G,0,6757,12/02/2021 00:00
1,2042,NESFIT IOGURTE MORANGO BAUN 24X170G,0,6757,12/02/2021 00:00
1,2099,MOLICO IOGURTE LIQ MRG 12X850G,168,6757,12/02/2021 00:00
1,2373,NINHO IOGURTE POLPA 6X720G,0,6757,12/02/2021 00:00
1,167,CHAMYTO IOGURTE MOR+CER CHOC 24X130G,960,6849,04/03/2021 00:00
1,168,CHAMYTO BEB LACTEA MOR+CER CRML 24X130G,1440,6849,04/03/2021 00:00
1,174,NESTON IOGURTE LIQ MACA BNA 12X850G,672,6849,04/03/2021 00:00
1,176,NINHO IOGURTE LIQ MACA E BANANA 12X850G,672,6849,04/03/2021 00:00
1,180,NINHO IOGURTE POLPA 6X540G,9090,6849,04/03/2021 00:00
1,182,CHAMBINHO PETIT MRG 12X480G,144,6849,04/03/2021 00:00
1,183,CHAMBINHO PETIT MOR 16X320G,2304,6849,04/03/2021 00:00
1,192,NESTLE BICAM IOGURTE MORANGO 28X150G,1400,6849,04/03/2021 00:00
1,194,NESTLE GREGO IOG FRUTAS VERM 12X400G,144,6849,04/03/2021 00:00
1,198,NESTLE NATURAL CENOURA+LARANJA 28X170G,840,6849,04/03/2021 00:00
1,199,IOGURTE NESTLE NATURAL 28X170G,840,6849,04/03/2021 00:00
1,200,NESTLE IOG NATURAL DESNATADO 28X160G,560,6849,04/03/2021 00:00
1,201,IOGURTE NESTLE NATURAL MEL 28X170G,560,6849,04/03/2021 00:00
1,204,NESTLE FLAN CARAMELO 20X200G,200,6849,04/03/2021 00:00
1,206,NESTLE GREGO IOG LIGHT 3 SAB 6X540G,180,6849,04/03/2021 00:00
1,212,NINHO SOLEIL PETIT MRG+BNA&MC 16X320G,384,6849,04/03/2021 00:00
1,213,REQUEIJAO CREMOSO NESTLE 15X200G,1365,6849,04/03/2021 00:00
1,214,REQUEIJAO CREMOSO NESTLE LIGHT 15X200G,780,6849,04/03/2021 00:00
1,254,NINHO FRUTI MORANGO 8X250G,320,6849,04/03/2021 00:00
1,287,NINHO IOGURTE LIQ MACA E BANANA 24X170G,1440,6849,04/03/2021 00:00
1,288,NINHO IOGURTE MORANGO 24X170G,960,6849,04/03/2021 00:00
1,333,NESTON IOGURTE POLPA 2 SABORES 6X540G,2700,6849,04/03/2021 00:00
1,448,CHANDELLE CHANTILLY CHOCOLATE 24X200G,480,6849,04/03/2021 00:00
1,449,CHANDELLE CHANTILLY CARAMELO 24X200G,240,6849,04/03/2021 00:00
1,450,CHANDELLE CHOCOLATE 24X180G,480,6849,04/03/2021 00:00
1,451,CHAMBINHO CHOCOLATE 16X320G,576,6849,04/03/2021 00:00
1,453,CHANDELLE CHOCOLATE 18X360G,360,6849,04/03/2021 00:00
1,759,CHAMYTO LEITE FERMENTADO 21X6X75G,210,6849,04/03/2021 00:00
1,1505,NESTLE IOG VIT DE FRUTA 24X170G,1440,6849,04/03/2021 00:00
1,1506,NESTLE IOG VIT DE FRUTA 12X900G,672,6849,04/03/2021 00:00
1,1508,NESTLE GREGO IOG LT MORANGO 12X360G,144,6849,04/03/2021 00:00
1,1509,NESTLE IOGURTE MORANGO 24X170G,1920,6849,04/03/2021 00:00
1,1510,NESTLE IOGURTE MORANGO 12X1.250G,1200,6849,04/03/2021 00:00
1,1511,NESTLE IOGURTE MORANGO 12X900G,1008,6849,04/03/2021 00:00
1,1512,NESTLE IOGURTE VIT DE FRUTA 12X1.250G,600,6849,04/03/2021 00:00
1,1517,NESTON IOGURTE LIQ MACA E BAN 24X170G,1440,6849,04/03/2021 00:00
1,1519,NESTLE GREGO IOG TRAD + MRG 6X600G,90,6849,04/03/2021 00:00
1,1520,CHAMYTO GO IOG LIQ VITAMINA 24X100G,1104,6849,04/03/2021 00:00
1,1521,CHAMYTO GO IOG LIQ MORANGO 24X100G,552,6849,04/03/2021 00:00
1,1693,NINHO IOGURTE LIQ MACA E BANANA 24X100G,552,6849,04/03/2021 00:00
1,1697,CHANDELLE CHOCOLATE 6X720G,120,6849,04/03/2021 00:00
1,1698,CHAMYTO LEITE FERM 21X6X120G,210,6849,04/03/2021 00:00
1,1735,NESTLE IOGURTE POLPA MORANGO 6X540G,8820,6849,04/03/2021 00:00
1,1736,NESTLE IOGURTE POLPA VITAMINA 6X540G,1260,6849,04/03/2021 00:00
1,1887,CHANDELLE CHOCOLATE BRANCO 18X360G,180,6849,04/03/2021 00:00
1,1939,NESTLE GREGO FRUTAS VERMELHAS 24X90G,432,6849,04/03/2021 00:00
1,1940,NESTLE GREGO TORTA MARACUJA 24X90G,432,6849,04/03/2021 00:00
1,1941,NESTLE GREGO TRADICIONAL 24X90G,432,6849,04/03/2021 00:00
1,1958,NESTLE GREGO TORTA MORANGO 24X90G,432,6849,04/03/2021 00:00
1,1963,NESTLE GREGO TORTA LIMAO 24X90G,432,6849,04/03/2021 00:00
1,2037,NESFIT IOGURTE FRUTAS VERM 12X850G,168,6849,04/03/2021 00:00
1,2038,NESFIT IOGURTE MORANGO BAUN 12X850G,168,6849,04/03/2021 00:00
1,2039,NESFIT IOGURTE MARACUJA AVEIA 12X850G,168,6849,04/03/2021 00:00
1,2040,NESFIT IOGURTE FRUTAS VERMELHAS 24X170G,480,6849,04/03/2021 00:00
1,2041,NESFIT IOGURTE MARACUJA AVEIA 24X170G,480,6849,04/03/2021 00:00
1,2042,NESFIT IOGURTE MORANGO BAUN 24X170G,480,6849,04/03/2021 00:00
1,2099,MOLICO IOGURTE LIQ MRG 12X850G,168,6849,04/03/2021 00:00
1,2100,MOLICO IOGURTE LIQ MRG 24X170G,480,6849,04/03/2021 00:00
1,2373,NINHO IOGURTE POLPA 6X720G,144,6849,04/03/2021 00:00
1,2455,MOLICO IOGURTE LIQ BAUN 24X170G,480,6849,04/03/2021 00:00
1,167,CHAMYTO IOGURTE MOR+CER CHOC 24X130G,960,6866,12/03/2021 00:00
1,168,CHAMYTO BEB LACTEA MOR+CER CRML 24X130G,1920,6866,12/03/2021 00:00
1,174,NESTON IOGURTE LIQ MACA BNA 12X850G,504,6866,12/03/2021 00:00
1,176,NINHO IOGURTE LIQ MACA E BANANA 12X850G,672,6866,12/03/2021 00:00
1,180,NINHO IOGURTE POLPA 6X540G,9540,6866,12/03/2021 00:00
1,182,CHAMBINHO PETIT MRG 12X480G,288,6866,12/03/2021 00:00
1,183,CHAMBINHO PETIT MOR 16X320G,2496,6866,12/03/2021 00:00
1,192,NESTLE BICAM IOGURTE MORANGO 28X150G,1120,6866,12/03/2021 00:00
1,194,NESTLE GREGO IOG FRUTAS VERM 12X400G,144,6866,12/03/2021 00:00
1,195,IOGURTE GREGO NESTLE TRADICIONAL 12X400G,144,6866,12/03/2021 00:00
1,198,NESTLE NATURAL CENOURA+LARANJA 28X170G,560,6866,12/03/2021 00:00
1,199,IOGURTE NESTLE NATURAL 28X170G,560,6866,12/03/2021 00:00
1,200,NESTLE IOG NATURAL DESNATADO 28X160G,280,6866,12/03/2021 00:00
1,201,IOGURTE NESTLE NATURAL MEL 28X170G,560,6866,12/03/2021 00:00
1,206,NESTLE GREGO IOG LIGHT 3 SAB 6X540G,90,6866,12/03/2021 00:00
1,212,NINHO SOLEIL PETIT MRG+BNA&MC 16X320G,576,6866,12/03/2021 00:00
1,213,REQUEIJAO CREMOSO NESTLE 15X200G,1365,6866,12/03/2021 00:00
1,214,REQUEIJAO CREMOSO NESTLE LIGHT 15X200G,780,6866,12/03/2021 00:00
1,249,NESTLE GREGO LIGHT MARACUJA 12X360G,144,6866,12/03/2021 00:00
1,254,NINHO FRUTI MORANGO 8X250G,320,6866,12/03/2021 00:00
1,287,NINHO IOGURTE LIQ MACA E BANANA 24X170G,1440,6866,12/03/2021 00:00
1,288,NINHO IOGURTE MORANGO 24X170G,1440,6866,12/03/2021 00:00
1,333,NESTON IOGURTE POLPA 2 SABORES 6X540G,1260,6866,12/03/2021 00:00
1,448,CHANDELLE CHANTILLY CHOCOLATE 24X200G,480,6866,12/03/2021 00:00
1,449,CHANDELLE CHANTILLY CARAMELO 24X200G,240,6866,12/03/2021 00:00
1,450,CHANDELLE CHOCOLATE 24X180G,480,6866,12/03/2021 00:00
1,451,CHAMBINHO CHOCOLATE 16X320G,576,6866,12/03/2021 00:00
1,453,CHANDELLE CHOCOLATE 18X360G,540,6866,12/03/2021 00:00
1,759,CHAMYTO LEITE FERMENTADO 21X6X75G,210,6866,12/03/2021 00:00
1,1505,NESTLE IOG VIT DE FRUTA 24X170G,1440,6866,12/03/2021 00:00
1,1506,NESTLE IOG VIT DE FRUTA 12X900G,504,6866,12/03/2021 00:00
1,1508,NESTLE GREGO IOG LT MORANGO 12X360G,144,6866,12/03/2021 00:00
1,1509,NESTLE IOGURTE MORANGO 24X170G,1920,6866,12/03/2021 00:00
1,1510,NESTLE IOGURTE MORANGO 12X1.250G,960,6866,12/03/2021 00:00
1,1511,NESTLE IOGURTE MORANGO 12X900G,840,6866,12/03/2021 00:00
1,1512,NESTLE IOGURTE VIT DE FRUTA 12X1.250G,600,6866,12/03/2021 00:00
1,1517,NESTON IOGURTE LIQ MACA E BAN 24X170G,1440,6866,12/03/2021 00:00
1,1519,NESTLE GREGO IOG TRAD + MRG 6X600G,180,6866,12/03/2021 00:00
1,1520,CHAMYTO GO IOG LIQ VITAMINA 24X100G,1104,6866,12/03/2021 00:00
1,1521,CHAMYTO GO IOG LIQ MORANGO 24X100G,1104,6866,12/03/2021 00:00
1,1693,NINHO IOGURTE LIQ MACA E BANANA 24X100G,552,6866,12/03/2021 00:00
1,1697,CHANDELLE CHOCOLATE 6X720G,120,6866,12/03/2021 00:00
1,1698,CHAMYTO LEITE FERM 21X6X120G,210,6866,12/03/2021 00:00
1,1735,NESTLE IOGURTE POLPA MORANGO 6X540G,8910,6866,12/03/2021 00:00
1,1736,NESTLE IOGURTE POLPA VITAMINA 6X540G,2520,6866,12/03/2021 00:00
1,1887,CHANDELLE CHOCOLATE BRANCO 18X360G,180,6866,12/03/2021 00:00
1,1939,NESTLE GREGO FRUTAS VERMELHAS 24X90G,432,6866,12/03/2021 00:00
1,1940,NESTLE GREGO TORTA MARACUJA 24X90G,432,6866,12/03/2021 00:00
1,1941,NESTLE GREGO TRADICIONAL 24X90G,432,6866,12/03/2021 00:00
1,1958,NESTLE GREGO TORTA MORANGO 24X90G,432,6866,12/03/2021 00:00
1,1963,NESTLE GREGO TORTA LIMAO 24X90G,432,6866,12/03/2021 00:00
1,2037,NESFIT IOGURTE FRUTAS VERM 12X850G,336,6866,12/03/2021 00:00
1,2038,NESFIT IOGURTE MORANGO BAUN 12X850G,336,6866,12/03/2021 00:00
1,2039,NESFIT IOGURTE MARACUJA AVEIA 12X850G,168,6866,12/03/2021 00:00
1,2099,MOLICO IOGURTE LIQ MRG 12X850G,336,6866,12/03/2021 00:00
1,2100,MOLICO IOGURTE LIQ MRG 24X170G,480,6866,12/03/2021 00:00
1,2373,NINHO IOGURTE POLPA 6X720G,144,6866,12/03/2021 00:00
1,2455,MOLICO IOGURTE LIQ BAUN 24X170G,480,6866,12/03/2021 00:00
